VAR_ID_hg19,rsID,nearest_gene,Risk_Allele,Nonrisk_Allele
10_114750157_C_T,rs11196182,TCF7L2,C,T
10_114758349_C_T,rs7903146,TCF7L2,T,C
10_115075143_C_T,rs4918811,TCF7L2,C,T
10_116080773_G_A,rs758212,AFAP1L2,A,G
10_119418104_G_A,rs2184898,EMX2,A,G
10_119713515_T_C,rs11198201,RAB11FIP2,T,C
10_122347276_T_C,rs2291314,PLPP4,T,C
10_122923817_C_T,rs7087606,WDR11,C,T
10_123932642_T_G,rs7897826,TACC2,G,T
10_71830776_C_T,rs55919533,MACROH2A2,C,T
10_80942620_C_T,rs810517,ZMIZ1,C,T
11_107253239_C_A,rs80288792,CWF19L2,A,C
11_2063846_C_T,rs73398031,H19,C,T
11_2197286_A_G,rs4929965,MIR4686,A,G
11_2800669_C_T,rs12794000,KCNQ1,C,T
11_2842547_G_A,rs12294675,KCNQ1,A,G
11_2878935_C_T,rs4930016,KCNQ1,T,C
11_2901222_C_T,rs2411873,CDKN1C,C,T
11_5751135_C_T,rs7935270,TRIM5,C,T
11_71318195_G_A,rs4945066,KRTAP5-11,G,A
12_4335943_T_C,rs67904513,CCND2,T,C
13_112293144_G_T,rs113507970,TEX29,T,G
13_80628580_G_A,rs4885691,SPRY2,G,A
13_97714049_T_C,rs7333342,OXGR1,C,T
14_68010986_C_T,rs118148639,PLEKHH1,T,C
15_45072082_G_T,rs8023560,TRIM69,T,G
16_53828066_C_T,rs17817964,FTO,T,C
16_78332174_T_G,rs12596093,WWOX,G,T
17_6946287_T_C,rs13342692,SLC16A11,C,T
18_24153466_C_A,rs7243826,KCTD1,A,C
1_3459867_A_G,rs61762173,MEGF6,G,A
1_82027976_G_A,rs6674509,ADGRL2,G,A
1_82903595_G_A,rs61765084,ADGRL2,A,G
22_32205632_A_C,rs5998135,DEPDC5,C,A
2_59182401_G_A,rs17049846,LINC01122,A,G
3_103220188_G_A,rs113829802,MIR548A3,G,A
3_185514393_T_C,rs6444081,IGF2BP2,C,T
4_105844273_T_G,rs10005603,TET2,T,G
4_117300599_A_G,rs7675851,MIR1973,A,G
4_1291058_C_T,rs11931251,MAEA,C,T
4_130994623_G_A,rs55653883,C4orf33,G,A
4_153068046_A_C,rs35752631,FBXW7,A,C
4_154911022_A_G,rs7688570,SFRP2,A,G
4_157823989_A_G,rs36029656,PDGFC,G,A
4_55048912_T_C,rs61650959,PDGFRA,C,T
4_707600_G_A,rs73221106,PCGF3,A,G
5_55854153_C_T,rs6867983,MAP3K1,T,C
5_79087302_G_A,rs259097,CMYA5,G,A
6_42128717_G_A,rs9471790,GUCA1A,A,G
6_88418077_C_T,rs2787932,AKIRIN2,T,C
6_97177101_C_T,rs62412972,GPR63,C,T
7_130450387_G_A,rs172306,KLF14,A,G
7_28196222_A_G,rs849134,JAZF1,A,G
7_94038934_C_T,rs42518,COL1A2,C,T
8_106035307_A_C,rs12548220,ZFPM2,C,A
9_11606348_T_C,rs10511567,PTPRD,C,T
9_13972415_G_A,rs13283809,LINC00583,G,A
9_28773204_A_C,rs824250,LINGO2,C,A
9_94521525_G_A,rs34134725,ROR2,A,G
22_44998325_G_A,rs62228440,LINC00229,A,G
7_843157_G_A,rs7801525,SUN1,A,G
10_12253597_G_A,rs12221133,CDC123,A,G
11_2849530_A_C,rs2283228,KCNQ1,A,C
